Invoice_Number,PO_Number,Created_At
5105600813,4500000130,2026-01-23T13:37:43.898Z
5105600814,4500000131,2026-01-23T14:01:02.827Z
5105600815,4500000134,2026-01-23T14:52:20.544Z
5105600816,4500000135,2026-01-23T15:03:22.225Z
5105600818,4500000139,2026-01-24T07:11:13.790Z
5105600819,4500000142,2026-01-24T07:17:55.417Z
5105600831,4500000161,2026-01-24T10:41:39.044Z
5105600833,4500000172,2026-01-24T11:52:48.031Z
5105600834,4500000173,2026-01-24T11:58:37.382Z
5105600835,4500000174,2026-01-24T13:57:25.121Z
5105600836,4500000202,2026-01-24T17:50:56.774Z
5105600851,4500000263,2026-01-25T06:38:23.097Z
5105600853,4500000276,2026-01-26T11:35:58.610Z
5105600855,4500000288,2026-01-26T15:40:23.569Z
5105600856,4500000289,2026-01-26T15:45:09.433Z
5105600857,4500000291,2026-01-26T16:13:33.701Z
5105600858,4500000292,2026-01-26T16:26:13.318Z
5105600861,4500000293,2026-01-26T16:50:50.795Z
5105600864,4500000298,2026-01-26T17:04:43.022Z
5105600865,4500000299,2026-01-26T17:14:23.639Z
5105600866,4500000300,2026-01-26T17:17:49.015Z
