PO_Number,Timestamp
4500000130,2026-01-23T13:27:56.215Z
4500000131,2026-01-23T13:59:42.657Z
4500000132,2026-01-23T14:06:04.829Z
4500000133,2026-01-23T14:26:39.086Z
4500000134,2026-01-23T14:51:11.223Z
4500000135,2026-01-23T15:01:32.662Z
4500000138,2026-01-24T06:01:44.098Z
4500000138,2026-01-24T06:04:45.300Z
4500000139,2026-01-24T06:35:31.328Z
4500000142,2026-01-24T07:15:24.353Z
4500000158,2026-01-24T10:13:22.595Z
4500000161,2026-01-24T10:40:39.895Z
4500000172,2026-01-24T11:50:05.237Z
4500000173,2026-01-24T11:57:38.661Z
4500000174,2026-01-24T13:56:28.624Z
4500000196,2026-01-24T15:35:21.128Z
4500000199,2026-01-24T15:40:31.201Z
4500000202,2026-01-24T17:49:44.152Z
4500000203,2026-01-24T18:04:55.588Z
4500000211,2026-01-24T18:44:02.404Z
4500000257,2026-01-25T06:04:09.787Z
4500000263,2026-01-25T06:37:30.546Z
4500000274,2026-01-26T11:22:19.950Z
4500000276,2026-01-26T11:35:04.895Z
4500000279,2026-01-26T14:28:16.876Z
4500000282,2026-01-26T14:50:52.829Z
4500000283,2026-01-26T15:08:33.979Z
4500000278,2026-01-26T15:13:03.938Z
4500000280,2026-01-26T15:16:12.523Z
4500000288,2026-01-26T15:25:00.385Z
4500000289,2026-01-26T15:42:37.946Z
4500000290,2026-01-26T15:48:10.899Z
4500000291,2026-01-26T16:12:11.167Z
4500000292,2026-01-26T16:25:19.947Z
4500000294,2026-01-26T16:29:47.991Z
4500000295,2026-01-26T16:36:38.965Z
4500000293,2026-01-26T16:49:57.766Z
4500000296,2026-01-26T16:52:57.533Z
4500000299,2026-01-26T17:13:17.803Z
4500000300,2026-01-26T17:16:58.338Z
4500000303,2026-01-27T05:20:21.756Z
4500000304,2026-01-27T05:27:58.075Z
4500000306,2026-01-27T05:34:45.127Z
4500000307,2026-01-27T05:40:22.194Z
4500000313,2026-01-27T09:33:50.670Z
4500000316,2026-01-27T09:37:18.869Z
4500000317,2026-01-27T09:48:50.945Z
4500000329,2026-01-27T14:30:34.518Z
4500000344,2026-01-27T15:35:55.787Z
4500000345,2026-01-28T06:37:36.065Z
4500000355,2026-01-28T09:04:22.369Z
4500000360,2026-01-28T11:10:17.526Z
4500000361,2026-01-28T11:43:31.404Z
4500000362,2026-01-28T12:16:29.524Z
4500000377,2026-01-29T06:32:46.516Z
4500000384,2026-01-29T07:05:49.399Z
4500000386,2026-01-29T07:27:25.160Z
4500000389,2026-01-29T08:45:28.350Z
4500000416,2026-01-29T10:05:24.758Z
4500000419,2026-01-29T10:08:41.656Z
4500000421,2026-01-29T10:11:58.731Z
4500000423,2026-01-29T10:17:34.244Z
4500000426,2026-01-29T10:51:59.396Z
4500000427,2026-01-30T05:47:08.322Z
4500000427,2026-01-30T05:47:51.508Z
4500000427,2026-01-30T05:51:51.713Z
4500000427,2026-01-30T05:56:18.036Z
4500000428,2026-01-30T06:25:29.234Z
4500000430,2026-01-30T07:25:29.698Z
4500000432,2026-01-30T07:48:36.189Z
4500000433,2026-01-30T07:56:38.681Z
4500000434,2026-01-30T08:04:10.386Z
4500000438,2026-01-30T08:17:22.921Z
