PO_Number,Invoice_Number,Timestamp
4500000130,5105600813,2026-01-23T13:37:43.898Z
4500000131,5105600814,2026-01-23T14:01:02.827Z
4500000134,5105600815,2026-01-23T14:52:20.544Z
4500000135,5105600816,2026-01-23T15:03:22.225Z
4500000139,5105600818,2026-01-24T07:11:13.790Z
4500000142,5105600819,2026-01-24T07:17:55.417Z
4500000161,5105600831,2026-01-24T10:41:39.044Z
4500000172,5105600833,2026-01-24T11:52:48.031Z
4500000173,5105600834,2026-01-24T11:58:37.382Z
4500000174,5105600835,2026-01-24T13:57:25.121Z
4500000202,5105600836,2026-01-24T17:50:56.774Z
4500000263,5105600851,2026-01-25T06:38:23.097Z
4500000276,5105600853,2026-01-26T11:35:58.610Z
4500000288,5105600855,2026-01-26T15:40:23.569Z
4500000289,5105600856,2026-01-26T15:45:09.433Z
4500000291,5105600857,2026-01-26T16:13:33.701Z
4500000292,5105600858,2026-01-26T16:26:13.318Z
4500000293,5105600861,2026-01-26T16:50:50.795Z
4500000298,5105600864,2026-01-26T17:04:43.022Z
4500000299,5105600865,2026-01-26T17:14:23.639Z
4500000300,5105600866,2026-01-26T17:17:49.015Z
4500000304,5105600868,2026-01-27T05:28:50.974Z
4500000306,5105600869,2026-01-27T05:35:50.598Z
4500000307,5105600870,2026-01-27T05:41:23.478Z
4500000313,5105600874,2026-01-27T09:34:50.474Z
4500000316,5105600875,2026-01-27T09:39:45.722Z
4500000317,5105600876,2026-01-27T09:52:01.494Z
4500000329,5105600877,2026-01-27T14:33:37.240Z
4500000361,5105600880,2026-01-28T11:53:47.628Z
4500000362,5105600881,2026-01-28T12:17:34.163Z
