PO_Number,Created_At
4500000130,2026-01-23T12:56:08.212Z
4500000131,2026-01-23T13:58:17.456Z
4500000132,2026-01-23T14:05:06.564Z
4500000133,2026-01-23T14:25:39.760Z
4500000134,2026-01-23T14:43:25.030Z
4500000135,2026-01-23T15:00:22.770Z
4500000136,2026-01-24T05:37:18.965Z
4500000137,2026-01-24T05:59:08.169Z
4500000138,2026-01-24T06:00:18.574Z
4500000139,2026-01-24T06:34:17.027Z
4500000142,2026-01-24T07:14:20.366Z
4500000158,2026-01-24T10:12:22.028Z
4500000160,2026-01-24T10:29:05.027Z
4500000161,2026-01-24T10:39:40.531Z
4500000172,2026-01-24T11:49:12.096Z
4500000173,2026-01-24T11:55:59.232Z
4500000174,2026-01-24T13:55:16.791Z
4500000202,2026-01-24T17:48:43.169Z
